改枪码（游戏内使用）,价格,弹夹,备注,日期,控枪编号（网页使用）,特殊子弹ID
M14射手步枪-烽火地带-6JCIV9G0E92TC29SEUH69,32w,30发,超级丐版,2026/9/29,12,
SR-3M紧凑突击步枪-烽火地带-6JHI88S0FTC7I7SJ7PAVT,66w,45发,满改,2026/9/29,86,
MK47突击步枪-烽火地带-6JHI6HK0FTC7I7SJ7PAVT,35w,40发,33w 超高性价比版 稳定,2026/9/29,19,
M7战斗步枪-烽火地带-6JCIVMS0E92TC29SEUH69,41w,30发,丐版,2026/9/29,5,6555
M14射手步枪-烽火地带-6JM4HIK05J96SU5G1CH0C,63w,30发,半改高操控,2026/9/29,15,
MCX LT突击步枪-烽火地带-6JHI6O40FTC7I7SJ7PAVT,33w,30发,半改,2026/9/29,29,
PTR-32突击步枪-烽火地带-6JHI8B40FTC7I7SJ7PAVT,30w,30发,满改,2026/9/29,88,
MCX LT突击步枪-烽火地带-6IV10D40AD2ARLOVCBA84,精锐,,均衡,2026/9/29,3824,
SVCH精确射手步枪-烽火地带-6KGKIT80C9R7ABDB34PVG,定制,,,2026/9/29,6676,
M14射手步枪-烽火地带-6JCIV8S0E92TC29SEUH69,27w,30发,只有弹夹和红点,2026/9/29,2,
AUG突击步枪-烽火地带-6JHI7GK0FTC7I7SJ7PAVT,39w,30发,半改消音3倍,2026/9/29,57,
K437突击步枪-烽火地带-6KGJ03S00DBSHA21I47BM,定制,,,2026/9/29,5935,
ASh-12战斗步枪-烽火地带-6IV14D00AD2ARLOVCBA84,特种,,均衡,2026/9/29,3825,
Vector冲锋枪-烽火地带-6JHI8P00FTC7I7SJ7PAVT,22w,30发,丐版,2026/9/29,109,6572
MDR突击步枪-烽火地带-6L6NN6405J96SU5G1CH0C,56w,30发,短枪管双修,2026/9/29,7800,
腾龙突击步枪-烽火地带-6JHI7840FTC7I7SJ7PAVT,42w,30发,半改性价比,2026/9/29,43,43
AS Val突击步枪-烽火地带-6JHI7AO0FTC7I7SJ7PAVT,40w,30发,半改一个点 推荐,2026/9/29,47,
SMG-45冲锋枪-烽火地带-6KGRLH403HGFMCB8N986A,标准,,,2026/9/29,6912,
KC17突击步枪-烽火地带-6JQ3S6805J96SU5G1CH0C,定制,,,2026/9/29,5936,
SG552突击步枪-烽火地带-6JHI7NC0FTC7I7SJ7PAVT,28w,30发,半改版,2026/9/29,67,
M14射手步枪-烽火地带-6JM4HMO05J96SU5G1CH0C,85w,50发,高操控闪电共二 随机弹道多,2026/9/29,17,
K437突击步枪-烽火地带-6JHI76G0FTC7I7SJ7PAVT,59w,45发,满改红点,2026/9/29,40,
MDR突击步枪-烽火地带-6L6NLOS05J96SU5G1CH0C,71w,30发,满改,2026/9/29,7799,
CAR-15突击步枪-烽火地带-6ILSMS80ADNIT4LSOVGRJ,新兵,,均衡,2026/9/29,2347,
MK47突击步枪-烽火地带-6JHI6JC0FTC7I7SJ7PAVT,67w,40发,鏖战枪管 高超控随机弹道多,2026/9/29,22,
SR-3M紧凑突击步枪-烽火地带-6IKQTVK0CE6I075F217FM,精锐,,生存,2026/9/29,2180,
RM277突击步枪-烽火地带-6KGHO5C05J96SU5G1CH0C,49w,45发,红点满改,2026/9/29,6588,6589
SMG-45冲锋枪-烽火地带-6JHI8QG0FTC7I7SJ7PAVT,26w,40发,半改版,2026/9/29,111,6569
MP5冲锋枪-烽火地带-6IV12P00AD2ARLOVCBA84,精锐,,火力,2026/9/29,3822,
AKM突击步枪-烽火地带-6JHI7LO0FTC7I7SJ7PAVT,50w,30发,满改红点激光,2026/9/29,65,
M4A1突击步枪-烽火地带-6IKQT6O0CE6I075F217FM,精锐,,均衡,2026/9/29,2178,
腾龙突击步枪-烽火地带-6IKR5180CE6I075F217FM,特种,,生存,2026/9/29,2183,
M14射手步枪-烽火地带-6JM4HMC05J96SU5G1CH0C,70w,30发,高操控幻影共二 随机弹道多,2026/9/29,16,
ASh-12战斗步枪-烽火地带-6JHI84G0FTC7I7SJ7PAVT,48w,30发,超稳定半改,2026/9/29,81,
SG552突击步枪-烽火地带-6JHI7MS0FTC7I7SJ7PAVT,16w,30发,丐版,2026/9/29,66,
M4A1突击步枪-烽火地带-6JHI7IO0FTC7I7SJ7PAVT,33w,30发,半改,2026/9/29,60,
M4A1突击步枪-烽火地带-6JHI7JO0FTC7I7SJ7PAVT,63w,30发,满改,2026/9/29,62,
M249轻机枪-烽火地带-6JHI8JC0FTC7I7SJ7PAVT,33w,45发,三倍满改,2026/9/29,102,
M7战斗步枪-烽火地带-6JCIVOG0E92TC29SEUH69,56w,30发,蓝枪管半改性价比非常稳,2026/9/29,7,6557
M7战斗步枪-烽火地带-6JM44R40FTC7I7SJ7PAVT,77w,30发,红点提风满改,2026/9/29,9,6559
M250通用机枪-烽火地带-6IKR6O40CE6I075F217FM,特种,,火力,2026/9/29,822,
ASh-12战斗步枪-烽火地带-6KGS2B805J96SU5G1CH0C,47w,30发,红点双发枪管,2026/9/29,6646,
MK4冲锋枪-烽火地带-6JHI8L80FTC7I7SJ7PAVT,21w,48发,丐版红点,2026/9/29,105,
AS Val突击步枪-烽火地带-6JHI7BK0FTC7I7SJ7PAVT,60w,30发,满改一个点,2026/9/29,49,
勇士冲锋枪-烽火地带-6IKRBD00CE6I075F217FM,标准,,均衡,2026/9/29,120,
K416突击步枪-烽火地带-6JP20JG082CU0DDFI3Q1H,43w,30发,红点半改,2026/9/29,5888,
AK-12突击步枪-烽火地带-6JHI8200FTC7I7SJ7PAVT,40w,30发,稳定性价比,2026/9/29,77,
AKM突击步枪-烽火地带-6JHI7L80FTC7I7SJ7PAVT,26w,30发,丐版,2026/9/29,61,
K416突击步枪-烽火地带-6JQ40G405J96SU5G1CH0C,定制,,,2026/9/29,5939,
QCQ171冲锋枪-烽火地带-6JHI9480FTC7I7SJ7PAVT,61w,30,满改激光,2026/9/29,4838,
SVCH精确射手步枪-烽火地带-6KGG5N405J96SU5G1CH0C,68w,20+20,满改使用手感很好,2026/9/29,6543,
P90冲锋枪-烽火地带-6L2JV9K03HGFMCB8N986A,精锐,,均衡,2026/9/29,7647,
PKM通用机枪-烽火地带-6JHI8FO0FTC7I7SJ7PAVT,34w,75发,丐版,2026/9/29,96,
M250通用机枪-烽火地带-6JHI8CG0FTC7I7SJ7PAVT,67w,75发,37镜压百米,2026/9/29,91,6566
SCAR-H战斗步枪-烽火地带-6JHI7E80FTC7I7SJ7PAVT,53w,30发,均衡三倍镜,2026/9/29,54,
KC17突击步枪-烽火地带-6JHI6MK0FTC7I7SJ7PAVT,63w,45发,满改超稳定,2026/9/29,27,
K416突击步枪-烽火地带-6JHI6SG0FTC7I7SJ7PAVT,39w,30发,红点半改,2026/9/29,33,
M4A1突击步枪-烽火地带-6JHI7J80FTC7I7SJ7PAVT,59w,45发,2倍稳,2026/9/29,4744,
M249轻机枪-烽火地带-6JHI8JO0FTC7I7SJ7PAVT,35w,45发,满改红点,2026/9/29,103,
MCX LT突击步枪-烽火地带-6JHI6PG0FTC7I7SJ7PAVT,40w,45发,增伤满改,2026/9/29,31,
AK-12突击步枪-烽火地带-6JHI83C0FTC7I7SJ7PAVT,48w,45发,满改红点激光,2026/9/29,80,
M14射手步枪-烽火地带-6JHI6GC0FTC7I7SJ7PAVT,82w,50发,轻语消音稳定版 150米没压力,2026/9/29,4447,
勇士冲锋枪-烽火地带-6JHI91O0FTC7I7SJ7PAVT,25w,30发,强化版,2026/9/29,121,
P90冲锋枪-烽火地带-6JHI8T40FTC7I7SJ7PAVT,41w,50发,满配红点可腰射,2026/9/29,115,
SMG-45冲锋枪-烽火地带-6JHI8RK0FTC7I7SJ7PAVT,47w,40发,满改37大玩具,2026/9/29,113,6571
G3战斗步枪-烽火地带-6JHI80G0FTC7I7SJ7PAVT,42w,30发,三倍满改,2026/9/29,75,
KC17突击步枪-烽火地带-6JHI6KO0FTC7I7SJ7PAVT,32w,30发,丐版,2026/9/29,23,
K437突击步枪-烽火地带-6JHI74K0FTC7I7SJ7PAVT,18w,30发,丐版,2026/9/29,36,
MP7冲锋枪-烽火地带-6IKR7TO0CE6I075F217FM,特种,,火力,2026/9/29,823,
MCX LT突击步枪-烽火地带-6JHI6P00FTC7I7SJ7PAVT,45w,45发,满改,2026/9/29,30,
MP7冲锋枪-烽火地带-6JHI8N00FTC7I7SJ7PAVT,43w,40发,红点满改,2026/9/29,107,
MK4冲锋枪-烽火地带-6JHI8LO0FTC7I7SJ7PAVT,32w,48发,半改红点,2026/9/29,106,
AKS-74U突击步枪-烽火地带-6ILSTAO0ADNIT4LSOVGRJ,新兵,,均衡,2026/9/29,2346,
MP5冲锋枪-烽火地带-6IV122C0AD2ARLOVCBA84,精锐,,生存,2026/9/29,3823,
汤姆逊冲锋枪-烽火地带-6L6NQOG05J96SU5G1CH0C,59w,35发,长枪管双修,2026/9/29,7802,
AUG突击步枪-烽火地带-6JHI7G40FTC7I7SJ7PAVT,26w,30发,3倍丐版,2026/9/29,56,
勇士冲锋枪-烽火地带-6JHI9180FTC7I7SJ7PAVT,17w,35发,红点,2026/9/29,120,
QBZ95-1突击步枪-烽火地带-6JHI7PS0FTC7I7SJ7PAVT,32w,30发,性价比,2026/9/29,4298,
M7战斗步枪-烽火地带-6JCIVNK0E92TC29SEUH69,45w,30发,无枪管 半改 性价比 2倍,2026/9/29,6,6556
QJB201轻机枪-烽火地带-6JHI8EC0FTC7I7SJ7PAVT,24w,45发,丐版,2026/9/29,94,94
K437突击步枪-烽火地带-6IKR3F00CE6I075F217FM,特种,,均衡,2026/9/29,2182,
MP7冲锋枪-烽火地带-6JHI8NG0FTC7I7SJ7PAVT,49w,40发,全面均衡,2026/9/29,108,
SG552突击步枪-烽火地带-6IKRC280CE6I075F217FM,标准,,均衡,2026/9/29,2187,
AR57突击步枪-烽火地带-6JO41CC0511TSA3CA9C68,68w,50发,2倍满改,2026/9/29,5898,
KC17突击步枪-烽火地带-6IV1BJ40AD2ARLOVCBA84,特种,,生存,2026/9/29,25,
AK-12突击步枪-烽火地带-6JHI81G0FTC7I7SJ7PAVT,22w,30发,丐版红点,2026/9/29,76,
QCQ171冲锋枪-烽火地带-6KK2ROK0CELGVC249133L,标准,,火力,2026/9/29,7039,
AR57突击步枪-烽火地带-6JOF0L405J96SU5G1CH0C,22w,50发,打一半松开继续打,2026/9/29,5838,
K416突击步枪-烽火地带-6IKR6300CE6I075F217FM,特种,,生存,2026/9/29,2184,
QBZ95-1突击步枪-烽火地带-6IKR06G0CE6I075F217FM,精锐,,生存,2026/9/29,2181,
KC17突击步枪-烽火地带-6JHI6M40FTC7I7SJ7PAVT,62w,45发,2倍满改,2026/9/29,26,
M7战斗步枪-烽火地带-6JM4HH805J96SU5G1CH0C,78w,45发,双水平超稳定,2026/9/29,4824,6562
M14射手步枪-烽火地带-6JCIVBS0E92TC29SEUH69,63w,30发,半改稳定版,2026/9/29,14,
K416突击步枪-烽火地带-6JHI6SS0FTC7I7SJ7PAVT,61w,45发,24倍满改,2026/9/29,34,
MK4冲锋枪-烽火地带-6L71G9G0CJFHAO3FVTNJK,精锐,,均衡,2026/9/29,7875,
汤姆逊冲锋枪-烽火地带-6L71HE80CJFHAO3FVTNJK,定制,,,2026/9/29,7869,
MDR突击步枪-烽火地带-6L6NJV005J96SU5G1CH0C,28w,30发,丐版打个40米左右,2026/9/29,7798,
汤姆逊冲锋枪-烽火地带-6L6NTM005J96SU5G1CH0C,50w,35发,长枪管稳定,2026/9/29,7804,
野牛冲锋枪-烽火地带-6ILT7RO0ADNIT4LSOVGRJ,新兵,,生存,2026/9/29,2348,
AS Val突击步枪-烽火地带-6JHI7B40FTC7I7SJ7PAVT,34w,30发,无枪管巨浪,2026/9/29,48,
M4A1突击步枪-烽火地带-6JHI7I40FTC7I7SJ7PAVT,20w,30发,丐版,2026/9/29,59,
M7战斗步枪-烽火地带-6JCIVLO0E92TC29SEUH69,31w,30发,丐版性价比50-70m通杀,2026/9/29,4,6552
AKS-74U突击步枪-烽火地带-6JHI86O0FTC7I7SJ7PAVT,22w,30发,性价比,2026/9/29,83,
MK47突击步枪-烽火地带-6JHI6I80FTC7I7SJ7PAVT,45w,40发,45w当满改用推荐,2026/9/29,20,
SVCH精确射手步枪-烽火地带-6KGG5NG05J96SU5G1CH0C,48w,20发,丐版 水平s型,2026/9/29,6542,
M250通用机枪-烽火地带-6JHI8C00FTC7I7SJ7PAVT,40w,75发,丐版,2026/9/29,90,6565
AR57突击步枪-烽火地带-6JO5C6000FANC867657VO,41w,50发,左右晃,2026/9/29,5897,
P90冲锋枪-烽火地带-6JHI8SG0FTC7I7SJ7PAVT,27w,35发,性价比,2026/9/29,114,
M7战斗步枪-烽火地带-6JM4HGO05J96SU5G1CH0C,82w,45发,ct后托45发 常规满改,2026/9/29,11,6561
SR-3M紧凑突击步枪-烽火地带-6JHI88C0FTC7I7SJ7PAVT,31w,30发,半改,2026/9/29,85,
MP5冲锋枪-烽火地带-6JHI8UK0FTC7I7SJ7PAVT,38w,50发,满改,2026/9/29,117,
M14射手步枪-烽火地带-6KGGN8005J96SU5G1CH0C,69w,50发,闪电幻影轻语 随机弹道少 推荐,2026/9/29,3527,
KC17突击步枪-烽火地带-6JHI6LK0FTC7I7SJ7PAVT,62w,45发,火控满改,2026/9/29,25,
K437突击步枪-烽火地带-6JHI75K0FTC7I7SJ7PAVT,56w,30发,满改2/4倍镜,2026/9/29,38,
QJB201轻机枪-烽火地带-6IKQV500CE6I075F217FM,精锐,,均衡,2026/9/29,2179,
腾龙突击步枪-烽火地带-6JHI7940FTC7I7SJ7PAVT,52w,30发,2镜满改,2026/9/29,45,6564
M249轻机枪-烽火地带-6JHI8K80FTC7I7SJ7PAVT,42w,100发,满改100弹鼓,2026/9/29,104,
UZI冲锋枪-烽火地带-6JHI8VK0FTC7I7SJ7PAVT,10W,35发,开镜修脚流,2026/9/29,118,
M7战斗步枪-烽火地带-6JM4HFG05J96SU5G1CH0C,53w,30发,提风枪管半改,2026/9/29,8,6558
KC17突击步枪-烽火地带-6JHI6L80FTC7I7SJ7PAVT,47w,30发,半改,2026/9/29,24,
QBZ95-1突击步枪-烽火地带-6JHI7PG0FTC7I7SJ7PAVT,25w,30发,红点性价比,2026/9/29,70,
MK47突击步枪-烽火地带-6JHI6IS0FTC7I7SJ7PAVT,83w,40发,余烬枪管 高超控随机弹道多,2026/9/29,21,
MK47突击步枪-烽火地带-6JHI6JO0FTC7I7SJ7PAVT,94w,40发,稳稳一个点 操控比较低,2026/9/29,4575,
MP5冲锋枪-烽火地带-6JHI8U00FTC7I7SJ7PAVT,12w,30发,鼠鼠修脚,2026/9/29,116,
K416突击步枪-烽火地带-6JHI6TC0FTC7I7SJ7PAVT,70w,60发,满改大弹鼓,2026/9/29,35,
AKS-74U突击步枪-烽火地带-6JHI8640FTC7I7SJ7PAVT,12w,30发,丐版,2026/9/29,82,
AKM突击步枪-烽火地带-6IKQRUC0CE6I075F217FM,精锐,,火力,2026/9/29,2177,
PTR-32突击步枪-烽火地带-6JCT44K0ES3R4I0PKCD1Q,标准,,均衡,2026/9/29,5130,
M14射手步枪-烽火地带-6JCIVB00E92TC29SEUH69,43W,30发,丐版,2026/9/29,13,
SVCH精确射手步枪-烽火地带-6KGG5MC05J96SU5G1CH0C,66w,20+20,相对均衡,2026/9/29,6544,
K437突击步枪-烽火地带-6JHI7540FTC7I7SJ7PAVT,33w,30发,半改,2026/9/29,37,
SG552突击步枪-烽火地带-6JHI7NS0FTC7I7SJ7PAVT,40w,45发,满改激光,2026/9/29,68,
RM277突击步枪-烽火地带-6KGGBS405J96SU5G1CH0C,18w,30发,丐版舍弃后五发换前面的稳定,2026/9/29,6546,6547
AR57突击步枪-烽火地带-6JQ3VF005J96SU5G1CH0C,定制,,,2026/9/29,5938,
AS Val突击步枪-烽火地带-6IKR4640CE6I075F217FM,特种,,均衡,2026/9/29,821,
UZI冲锋枪-烽火地带-6JHI9040FTC7I7SJ7PAVT,26w,45发,满改uzi,2026/9/29,119,
MK47突击步枪-烽火地带-6IV1CQ40AD2ARLOVCBA84,特种,,火力,2026/9/29,3826,
M250通用机枪-烽火地带-6JHI8DC0FTC7I7SJ7PAVT,65w,75发,高机动满改,2026/9/29,4280,6568
QCQ171冲锋枪-烽火地带-6JHI93O0FTC7I7SJ7PAVT,42w,30,红点金枪客,2026/9/29,123,
K437突击步枪-烽火地带-6JHI7640FTC7I7SJ7PAVT,60w,45发,满改轻语红点,2026/9/29,39,
QCQ171冲锋枪-烽火地带-6JHI9340FTC7I7SJ7PAVT,18W,30发,修脚,2026/9/29,122,
AKM突击步枪-烽火地带-6JAM2B405J96SU5G1CH0C,标准,,火力,2026/9/29,3756,
SCAR-H战斗步枪-烽火地带-6K3KS4K04MUV8QREIH2C6,精锐,,火力,2026/9/29,908,
ASh-12战斗步枪-烽火地带-6JQ3TQC05J96SU5G1CH0C,定制,,,2026/9/29,5937,
SMG-45冲锋枪-烽火地带-6JHI8R40FTC7I7SJ7PAVT,31w,40发,满改,2026/9/29,112,6570
G3战斗步枪-烽火地带-6JHI8000FTC7I7SJ7PAVT,39w,30发,消音满改,2026/9/29,4299,
M7战斗步枪-烽火地带-6IVOVRG04H5Q622JADGIO,56w,30发,高性价比半改,2026/9/29,6554,6553
PKM通用机枪-烽火地带-6JHI8G80FTC7I7SJ7PAVT,52w,75发,性价比,2026/9/29,97,
SR-3M紧凑突击步枪-烽火地带-6JHI87S0FTC7I7SJ7PAVT,23w,30发,丐版,2026/9/29,84,
汤姆逊冲锋枪-烽火地带-6L6NSDC05J96SU5G1CH0C,27w,35发,一体枪管丐版,2026/9/29,7803,
PKM通用机枪-烽火地带-6JHI8GK0FTC7I7SJ7PAVT,44w,75发,高机动短枪管,2026/9/29,98,
AK-12突击步枪-烽火地带-6JHI82G0FTC7I7SJ7PAVT,36w,30发,半改三倍,2026/9/29,78,
RM277突击步枪-烽火地带-6KO4M3O05J96SU5G1CH0C,33w,30发,半改 高倍镜版本,2026/9/29,6548,6549
M700狙击步枪-烽火地带-6L6O4R805J96SU5G1CH0C,50W,20发,打50米很好用,2026/9/29,7811,
G3战斗步枪-烽火地带-6JHI7V00FTC7I7SJ7PAVT,32w,30发,性价比,2026/9/29,73,
M250通用机枪-烽火地带-6JHI8D00FTC7I7SJ7PAVT,66w,75发,消音满改,2026/9/29,92,6567
AS Val突击步枪-烽火地带-6JHI7A40FTC7I7SJ7PAVT,30w,30发,半改,2026/9/29,46,
SCAR-H战斗步枪-烽火地带-6JHI7EK0FTC7I7SJ7PAVT,54w,50发,满改猛攻流,2026/9/29,55,
MCX LT突击步枪-烽火地带-6JHI6NK0FTC7I7SJ7PAVT,21w,30发,丐版,2026/9/29,28,
SVCH精确射手步枪-烽火地带-6KGG7N005J96SU5G1CH0C,65w,20+20,高操控双水平,2026/9/29,6545,
AK-12突击步枪-烽火地带-6IKR2AK0CE6I075F217FM,精锐,,均衡,2026/9/29,77,
G3战斗步枪-烽火地带-6JCT4T80ES3R4I0PKCD1Q,标准,,生存,2026/9/29,5131,
M249轻机枪-烽火地带-6JHI8IK0FTC7I7SJ7PAVT,28w,45发,强化老塞版,2026/9/29,101,
腾龙突击步枪-烽火地带-6JHI77K0FTC7I7SJ7PAVT,22w,30发,丐版,2026/9/29,42,6563
RM277突击步枪-烽火地带-6KHRM6C03HGFMCB8N986A,精锐,,,2026/9/29,6911,
AR57突击步枪-烽火地带-6JOET3S05J96SU5G1CH0C,63w,50发,林树同款红点双水平,2026/9/29,5837,
ASh-12战斗步枪-烽火地带-6JHI8500FTC7I7SJ7PAVT,61w,30发,红点满改,2026/9/29,4300,
SCAR-H战斗步枪-烽火地带-6JHI7D80FTC7I7SJ7PAVT,32w,30发,红点无敌稳定,2026/9/29,52,
AK-12突击步枪-烽火地带-6JHI82S0FTC7I7SJ7PAVT,45w,30发,满改三倍,2026/9/29,79,
QBZ95-1突击步枪-烽火地带-6JHI7OS0FTC7I7SJ7PAVT,14w,30发,丐版,2026/9/29,69,
PTR-32突击步枪-烽火地带-6JHI8AG0FTC7I7SJ7PAVT,10W,30发,丐版,2026/9/29,89,
M249轻机枪-烽火地带-6JHI8I40FTC7I7SJ7PAVT,16w,45发,老赛同款,2026/9/29,100,
M4A1突击步枪-烽火地带-6JHI7K40FTC7I7SJ7PAVT,59w,45发,满改消音,2026/9/29,63,
QJB201轻机枪-烽火地带-6JHI8ES0FTC7I7SJ7PAVT,44w,60发,满改,2026/9/29,95,95
腾龙突击步枪-烽火地带-6JHI78K0FTC7I7SJ7PAVT,55w,45发,满改轻语,2026/9/29,44,44
MDR突击步枪-烽火地带-6L71H3C0CJFHAO3FVTNJK,定制,,,2026/9/29,7876,
M14射手步枪-烽火地带-6JCL5A80E92TC29SEUH69,84w,30发,满改三倍,2026/9/29,18,
AUG突击步枪-烽火地带-6JHI7H40FTC7I7SJ7PAVT,60w,60发,炮台版 3.5倍,2026/9/29,58,
SCAR-H战斗步枪-烽火地带-6JHI7CK0FTC7I7SJ7PAVT,21w,30发,丐版,2026/9/29,50,
G3战斗步枪-烽火地带-6JHI7VG0FTC7I7SJ7PAVT,45w,30发,3/7镜满改,2026/9/29,74,
M7战斗步枪-烽火地带-6JM4HG005J96SU5G1CH0C,78w,45发,3.5倍满改,2026/9/29,10,6560
RM277突击步枪-烽火地带-6KO4MH805J96SU5G1CH0C,49w,45发,满改高倍镜版本特殊子弹相对稳定,2026/9/29,6551,6550
MDR突击步枪-烽火地带-6L6NP3005J96SU5G1CH0C,56w,30发,长枪管半改,2026/9/29,7801,
MP7冲锋枪-烽火地带-6JHI8O00FTC7I7SJ7PAVT,45w,40发,推荐 满腰射,2026/9/29,880,
Vector冲锋枪-烽火地带-6JHI8PG0FTC7I7SJ7PAVT,53w,40发,满改,2026/9/29,110,6573
G3战斗步枪-烽火地带-6JHI7UG0FTC7I7SJ7PAVT,16w,30发,丐版,2026/9/29,72,
SCAR-H战斗步枪-烽火地带-6JHI7DO0FTC7I7SJ7PAVT,54w,30发,火控,2026/9/29,53,
K416突击步枪-烽火地带-6JHI6RS0FTC7I7SJ7PAVT,22w,30发,丐版,2026/9/29,32,
MCX LT突击步枪-烽火地带-6JHI6OG0FTC7I7SJ7PAVT,31w,30发,半改推荐 很稳,2026/9/29,4984,
PKM通用机枪-烽火地带-6JHI8H40FTC7I7SJ7PAVT,54w,75发,三倍轻语,2026/9/29,99,
